2.160157445,2.62302061,4.768354646000001,0.63932133,4.933662919,-4.4191118330000005,-0.271710932,-6.013418291,-6.013418291,-6.318320217,2.277709995,-4.029719011,-4.029719011,-6.509343111000001,1.906684759,2.215260203,-1.6015241519999999,1.63117097,2.013216757,-6.395464078,0.584218573,-4.937077756,-0.43334568799999995,3.1262924639999996,-1.1827431929999999,0.286663681,0.980958428,1.509944903,-4.433805902,2.549550266,2.7332261260000004,0.8964675329999999,1.5760682119999998,-1.292948709,3.541399906,3.177721705,1.0162091633333332,-1.792547046,-2.054826658,-0.3599168073333332,2.516488612,2.556897301,-1.7203495119999996
2.249701721,3.5769410319999997,2.169867778,2.968207212,0.543251179,-5.421009682,-1.206442749,-5.297932352,-5.277973866,-5.311238009,2.9349430689999996,-5.567371911,-5.567371911,-5.287953109,1.198554799,3.2642580860000003,2.44928658,2.332862079,3.60687876,-7.124133809,-0.853842832,-4.153645828999999,-2.417257558,-0.6043617579999999,2.545752595,7.053043987000001,2.921637412,3.743261747,-6.2692453310000005,2.376105465,2.781928011,6.836827057000001,2.8983525119999998,-3.694600654,2.49585638,2.722052553,0.373604049,-1.342825736,-4.1835835580000005,-2.88960839,3.487127845,0.06154143133333312,-0.7141334309999999
-0.020957303,1.884935665,-7.407249328,-7.67514593,-5.187534626000001,-2.79560068,7.158671628,-9.114133392000001,-8.762040715,-9.573384708999999,-0.859090958,-1.241800389,-1.241800389,-7.047502462000001,1.961477551,0.863101483,1.842837627,-0.36922288600000003,0.26607477,-3.0558430939999996,-0.836128392,-6.30887326,-0.686871714,0.162743224,-2.791773586,-5.55493568,0.047930394,3.38898373,0.063238772,0.545452655,-0.273545528,1.4601281959999999,1.6200161586666668,-1.410192539,0.7023635220000001,-1.40253835,2.162123525333333,0.10615418700000005,1.934687891,-1.3760253966666667,0.79804088,2.003575588,-0.5279982573333332
-1.364604051,-2.246793331,-3.750716008,-3.88234425,-2.252394533,-3.25220905,-1.5746491180000002,-2.190781313,-2.8713273289999997,-2.190781313,-4.632905288,-2.608070846,-2.608070846,-1.26658302,1.1587373490000001,-2.039548865,-1.160160186,-1.216172204,-1.185365594,0.46698893,-1.924724229,0.6490279870000001,-0.488015973,-6.134027364,0.534203351,1.080320524,-0.709263443,-1.199368599,-1.723080965,-2.17957891,-3.3110216689999996,0.139318626,0.733046014,0.018892788,-1.5746491180000002,-4.515280051,-0.7114779183333333,-2.064634166333333,2.049328432,-0.34633852766666645,-0.266768503,-3.201798234,-7.7247686689999995
-2.506722746,-2.953194175,-0.8033779659999999,-2.3153778480000002,-0.098028145,-1.643794774,-1.212330788,4.186596829,3.976492628,3.9427258810000003,-2.521730189,0.427232359,0.415976777,1.545286862,1.725376178,-1.8126285080000002,-2.47670786,-0.92343751,-1.9664547980000002,-2.037740152,-1.97395852,-2.409174367,0.11582791699999999,-0.8821670420000001,0.419728638,1.03128194,-1.666305938,-0.083020702,-0.281869322,-3.752340515,-3.317124668,-2.769352998,-1.120621006,-0.82213727,-2.9381867319999997,-3.395913743,-1.827635951,0.082061171,0.044542563,-2.079010621,-3.0469906939999998,2.554537404,-0.443199334
-1.0153300109999999,-0.8404462429999999,-3.0598045419999997,-3.638586538,-2.547644935,5.800973057999999,-3.57196415,-6.465874127,-6.361776646,-6.557479911000001,-1.123591392,3.773154124,3.773154124,-7.1487536039999995,1.737007392,-0.661398575,-2.268663685,-0.390745124,-1.0902801979999999,-5.104279073,-2.093779917,-3.884256593,0.158889577,-1.602439805,-3.3804247839999997,0.450362524,-1.5358174169999999,3.1402414380000003,-0.35327003100000004,-1.365097548,-2.172894002,-0.728020963,-1.581620309,-0.30330324,-1.327622455,-0.615595683,0.20469246800000002,-1.1624763573333332,-1.051367184,-0.490678706,-1.169394284,1.2686453946666667,-1.6438999713333333
0.293751882,0.039676062000000005,-5.945578368,-3.610653749,-1.899662154,-4.308558215,-3.372658677,-2.09906343,-1.976849745,-1.565182595,-0.111482969,0.6250152920000001,0.538179252,-1.864284509,1.027033994,1.1074377340000001,1.326135908,-1.02486946,0.789038922,-2.414246093,-0.413801033,-1.7838807680000002,-0.011782331000000002,0.6539606379999999,-2.288816258,-0.6903899,-1.066679405,1.7860453019999998,0.21334814100000002,2.374600682,0.9209010559999999,0.518882355,-0.407368734,-0.37199108799999997,0.419181717,-0.77400979,-0.456503437,-0.510285522,-0.317316545,-0.31721657466666686,0.313048779,-0.38737190466666654,-1.7553032799999997
1.457488306,1.385987254,5.625403795,3.2718275,2.166540405,-4.891209269,-1.7749550859999998,-4.414535589,-4.414535589,-3.7769845419999997,3.480372235,-4.235782959,-4.235782959,-5.606219788,2.261875141,0.9986898890000001,1.317465412,0.6355508703333334,0.501161736,-5.367882948,-2.2635456080000003,-4.319200853,-1.19996746,-0.047012995999999994,-1.691537192,1.30256936,1.3368669736666667,0.974856205,-5.650907946,-0.46112325600000004,2.7369429843333335,-0.642855096,3.399933552,-2.0792350633333334,-2.063938505,0.31347147399999997,0.26069707733333336,-1.490522168,-1.337011143,-0.3599168073333332,0.39391015799999995,0.06154143133333312,-2.1791114923333335
1.059591881,-0.451477265,-0.355683515,0.305602368,0.123285232,-3.937133699,-3.102801042,2.165855182,1.597272927,1.897014659,0.871094503,-1.721516976,-1.721516976,1.9248257480000002,0.503370109,1.1183041790000001,-2.7845185839999997,-0.24443916100000002,1.047231397,-3.056449228,-0.952076859,-0.69559682,0.37049490799999996,-0.34641315200000006,2.688085623,0.614614464,-1.4804875419999999,-1.610776451666667,-0.79139057,-1.3507024619999999,2.888943485,-2.206665966,0.174229386,1.5169297819999998,0.592983617,0.7382193020000001,-0.510189563,-1.4804875419999999,-0.8470127470000001,-0.70694102,1.921735627,1.7889846756666667,0.19426877999999995
-2.885329038,-3.435149932,-2.781589247,-3.189632426,-2.297470222,-4.804515175,-2.553361707,-0.720625396,-0.7724952909999999,-0.616885605,-3.5250577510000003,2.65437581,2.65437581,-1.4225979830000002,-0.350620141,-2.5568197,-2.456537901,0.479298189,-3.390196022,3.8681313669999997,-4.358434073,-2.632895546,0.949585242,-1.744191335,0.558832029,4.424868246,-0.876235083,1.195102748,1.3472544419999999,-3.680667437,-2.9717788639999996,-1.080256672,-0.40940602200000004,0.939211263,-2.141860535,-3.5492637019999997,-0.7114779183333333,-1.460635906,-0.813991208,1.0484836346666668,-1.091228751,-1.187454456,-7.000340755
-0.270496373,-1.5097957080000002,-1.72292362,-1.371657247,-1.324295489,-2.587275704,-3.8542027310000004,4.663020089,4.663020089,4.686700968,-0.996709996,-0.9059332929999999,-0.870411975,3.597380533,0.45966406299999996,-0.6730713159999999,-1.470327577,-1.72292362,-0.641496811,5.6970851389999995,-0.459943405,0.04524868,0.447823624,0.54254714,3.26979504,-2.413615924,-1.280880545,1.075366918,1.304282082,-2.003147355,-0.9256673590000001,-1.190103842,-1.620306477,3.005358558,-1.517689335,-1.288774171,-1.3713566929999998,1.406899224,1.7778996619999998,-1.1146011980000001,-2.879339878,0.46755769,0.7070135986666667
-1.632841592,-2.89791722,-0.8318240790000001,-0.74019477,0.119938426,-4.431969208,-3.6989347319999997,-2.336318226,-2.776730068,-2.5846040969999997,-3.6102612069999998,-0.24066724399999997,-0.24066724399999997,0.651979578,-0.33820812200000006,-2.498886356,-1.822011779,-4.564979496,-1.251545433,3.1643961289999996,-1.156960339,-0.817045158,0.11402685800000001,-1.975712556,0.708139477,1.9998171630000001,-1.585549045,-1.3732705253333333,-0.556936151,-0.630830755,-1.266324354,-0.828868295,1.8897155860000003,-1.094888871,0.004662843,1.228357493,-0.9057186840000001,-2.7028354639999996,0.07264587900000001,0.7547586243333333,0.19087724600000003,-0.3527395286666668,-4.857677393333333
-1.399735203,-1.51330076,-1.1839606440000001,-1.3467379430000002,-0.49878178100000004,-2.421825219,-1.9032091740000001,-1.077966124,-0.971971603,-1.077966124,-0.684272192,4.096837772,4.104408809,-3.171357897,0.561163421,-1.0514674940000002,-2.508892146,-2.081128547,-0.207296851,1.20091606,-1.4110917580000002,2.117011556,5.554262425,-0.37007415,-2.050844398,0.920787685,0.731511757,1.000283576,1.1630608740000001,-2.8268757069999997,-0.926545381,-1.062824049,-1.43301885,2.143510186,-1.149890977,-1.2710275709999999,-0.881119158,3.0179649769999997,2.253290225,1.469064866,-2.626243222,0.659150037,-3.419249223333333
0.09085960300000001,1.294576953,-2.80685323,-5.05198896,-3.202456965,5.767942272000001,-0.24726324800000002,-3.3038938210000004,-3.3038938210000004,-3.5270549019999997,2.657212043,1.220189926,1.176233955,-1.687666593,0.219346287,0.5338005379999999,-0.095107965,-0.179638677,3.7730174510000003,2.961522608,2.183840051,0.5338005379999999,-1.001277205,-0.379131159,-1.180482316,1.152565356,4.168621186,-0.44083074966666674,0.932785502,0.8347298759999999,1.254002211,-1.62680448,1.4312952480000003,-1.508461482,2.6436871280000003,0.229489972,-1.275156715,-0.997895977,-2.4957802069999997,-0.9216107120000001,1.207755888,1.673274546,-3.5041625103333325
7.709999999999999e-05,-1.320639803,0.29127679300000003,-0.53417125,-0.7818056640000001,-3.3223513089999996,-0.373667464,-3.0609594280000003,-3.0609594280000003,-2.939435133,3.184930768,-2.41206555,-2.41206555,-2.377671881,1.5753070830000002,-1.270195756,1.988031105,0.304352941,0.889726625,-3.28795764,-2.464802508,-1.7929795169999998,-0.90562287,0.169752498,0.380700331,4.436860301,0.49663746299999995,0.733808661,-3.283371818,-1.435285365,-0.1418518516666667,0.15599503,1.414803297,-1.9273199403333334,-2.194238983,1.6211653080000001,0.560839984,-1.1095411053333335,-1.001925142,1.1259413963333333,-0.414939866,1.7143301616666669,-1.2970115946666667
1.7616725569999998,-0.583448134,5.542903496,6.038440437999999,2.080457469,-3.0990082830000003,-1.0095467790000001,-3.71764039,-3.556669791,-3.556669791,1.7774539880000002,-4.36783536,-4.320491066000001,-3.76814097,-0.20469378300000002,1.2219476059999999,4.76330079,-0.48560326,1.8405797130000001,-3.4020117639999996,0.656972366,-3.74289068,2.481305824,0.5938466410000001,-2.186841554,2.272990931,1.446043931,1.3229487659999999,-4.333116211,1.016788999,3.866915492,0.549658633,2.929498473,-3.32941718,1.922643156,2.935811045,1.0017020079999999,-2.2531235659999997,-3.430418341,-0.3599168073333332,0.9978512820000001,1.209322461,-1.7203495119999996
-0.683521805,-2.461390826,-3.6443835210000004,-3.286105734,-2.6675695530000003,-4.918635653,-5.0234150060000005,-0.791681137,-0.649722014,-0.6767618470000001,-1.7752550630000001,-0.19680481,-0.19680481,4.497986199,0.18851281,0.38793157899999997,-5.327613127,-1.785395001,-1.170238799,-0.8626606990000001,0.496090911,1.567544295,-0.886320553,-0.321864038,1.672323648,-2.13691283,-2.116632955,-1.1600988620000001,1.425585171,0.046553687,1.141666925,1.614864003,-1.98143379,1.699363481,1.148426883,-1.6028761280000001,-1.1769987579999999,0.8340888240000001,3.463712586,-0.3811464570000001,0.398071516,-0.587978201,-1.98143379
0.73680908,0.371207719,-1.336271165,-2.308529729,-0.641226819,-2.300494535,-2.336652911,-2.513427195,-2.513427195,-2.53753278,0.9135833640000001,2.7616781560000003,2.7616781560000003,-0.17920312100000002,0.32299655,0.102028695,-4.092342963,-0.504628509,0.79707304,1.849683552,1.628715696,-2.758500635,3.838394252,1.785401994,1.4961349830000001,-2.360758495,0.314961355,0.9561201243333333,-0.725596364,3.022821985,1.2912375170000001,1.158656804,-3.6182664730000003,2.850065298,0.407366095,0.7046683009999999,0.5720875870000001,2.323760042,-0.938529025,-1.37442239,0.310943758,1.6187807236666665,-1.7189747526666668
-0.358817156,0.269542446,-3.695040338,-3.4386245360000003,-3.427353512,-1.209779488,-3.3850871710000003,-2.3312464019999997,-2.243895964,-2.3312464019999997,-2.04665304,2.278602521,2.278602521,-2.782087373,-0.41235452200000006,-1.423928949,-4.233231746,2.1743455469999997,0.5957750626666666,-1.401386901,-0.93645715,4.23412523,-1.4774663140000002,-0.08623219666666666,-1.632442898,-3.6161431680000002,0.9535690143333332,-0.040410721000000004,1.78549521,-2.038199771,-1.423928949,-1.10834027,0.02229692033333334,1.8700278909999999,-1.9452138209999998,-1.0576162783333334,-0.8806013896666668,0.934532878,0.6696638079999999,-0.03240784100000009,-0.23201813300000002,-0.389812473,-5.118283752333333
0.717278097,-0.059649689000000006,-1.185145076,-1.605106041,-0.9268690820000001,-1.672299796,0.215424743,3.6507054389999998,3.3462337389999997,3.4323257369999998,0.09783567300000001,0.889462092,0.889462092,0.360311276,-0.8050804020000001,-0.36832099799999996,-0.13104305300000002,0.515696833,0.30991596,1.7839789480000001,0.46110190799999995,2.174542646,-0.7609845009999999,0.261620449,-0.385119437,-1.514814434,1.16663633,-2.7264018180000003,-0.8785735709999999,-0.578301481,0.807569704,-1.237640197,1.601295929,1.790278363,0.584990393,-0.607698749,-1.0825848306666666,1.9813606019999999,-1.3483088170000002,-0.9798337263333335,-0.061749494,0.67948161,-1.0281362226666664
-0.969020452,-1.991061779,-5.856105392000001,-4.6937133189999996,-3.981163379,3.853287222,-1.3864739519999998,-3.441352818,-3.534919982,-3.808423999,-2.005456728,1.193820527,1.193820527,-3.7940290510000003,0.513659221,-1.0949762490000001,-1.6239905980000002,1.121845786,-1.2065370979999999,-2.879949835,-0.166502085,-2.372527909,0.26894509999999994,-0.558764426,2.215861855,-4.924032491,-0.497585895,2.244651752,-0.065737447,1.517706864,-2.38332412,0.2623435516666667,-1.1249469806666668,-0.20968693,-0.580356848,0.22216151899999997,-0.10892229199999999,-2.17459737,-1.300104262,-0.6726189816666669,-0.4925965016666667,1.2686453946666667,-4.42070921
2.43069137,0.705999488,-5.5629092479999995,-4.316382418,-2.6246674359999997,-2.7664681069999997,-5.051767293999999,2.038266258,2.038266258,2.0745408480000003,1.332560593,2.061350088,2.061350088,1.642543455,-0.7779610229999999,2.694506572,3.6607297489999997,-1.183576896,2.2625091790000003,0.280597475,0.705999488,3.80253042,0.013484583,0.37623048600000003,0.010186893,-5.793747549,0.250918265,1.4677658830000002,2.638445842,3.822316561,3.2122439060000003,2.816521103,-0.177474307,1.055554631,1.642543455,2.6450412219999997,1.075340771,0.49824501600000004,-0.847212513,-1.5694066290000002,2.272402249,-0.38737190466666654,-1.4452264846666665
-0.409160499,-2.61963663,-5.922811658,-4.127919371,-3.855640301,-3.8269793460000003,-5.435575428,3.058815019,3.1089716889999996,3.155545741,-1.294067475,-1.043284122,-1.0468667409999999,2.67547475,0.67637316,-1.451702726,-4.56499893,-3.723083385,-0.043733327,-2.766524023,-3.16061215,-0.491560744,0.862669365,-2.730697829,1.600688949,-2.709202113,0.099571447,0.199884788,1.521871323,-2.702036875,-1.7108641213333333,0.060162634000000006,-1.475643311,1.009556758,-1.469615823,-0.9293547886666667,-0.563213131,-3.991779836,-2.189722309,0.8877477009999999,-1.5899996803333334,1.0820746186666668,0.8067587446666667
-1.18370531,-1.3120724959999999,-2.6144645719999997,-2.1999455340000003,-1.718568585,2.10302952,-3.0744469889999997,-3.860696005,-3.823255575,-3.8286042080000002,-1.92181663,1.461193589,1.461193589,-9.222700344,-0.491057368,-0.12467602400000001,0.48774242700000003,-1.568806868,-0.6033786560000001,-6.593847343999999,-0.234322995,-5.861084656,0.752499748,-1.30137523,-3.363273158,-0.9403425190000001,-2.5556296119999997,1.680487532,2.279534401,-0.060492431,-1.659733625,-0.015029052,-0.37881503,-2.9567770689999997,-1.48590306,-1.598224348,0.747151116,-1.1624763573333332,-0.3089914703333334,0.21930940799999998,0.6615729920000001,1.6712899146666667,-3.679028479
-1.010772607,0.315314521,2.4034069369999997,3.544765509,3.290763746,0.038221688,-1.845349828,1.9283906530000001,1.704077408,1.8393251,-0.6281206,3.597545097,3.597545097,-4.128066973,-0.357625216,-1.129526678,-1.6441276519999999,1.130099397,0.608900974,2.789357668,-0.76996574,-0.647912945,0.021728067,-0.700692532,0.450562213,-1.9344153819999999,-0.29824818,-0.02767657733333347,-1.944311554,-2.6667321530000003,-0.09372728,-0.5229868459999999,-0.23726480366666666,2.004261309,-1.334047578,-3.765207311,1.03773512,4.267186109,0.44999219900000015,-0.35112039300000003,-3.455127236,2.033252420333333,0.7070135986666667
1.4808311859999999,-0.47178837799999995,-4.539342037,-3.936113412,-3.7544180430000003,-3.11242774,-2.7902212860000004,-1.099243052,-1.1380047309999999,-1.055636164,0.443956281,-1.1331595209999998,-1.1331595209999998,1.885406208,-2.468014831,-0.10112982599999999,-0.9030120540000001,-1.736388146,0.21623141899999998,-3.051862617,0.9430128940000001,-0.34823552700000004,-1.026564905,-0.859405165,-0.27555738,-1.339080939,1.136821288,-2.148230982,1.892674023,2.9586201869999997,1.289445398,0.40761720700000004,-1.4965502590000002,-5.130457637,1.6479909259999999,0.40277199799999996,0.7492045009999999,-1.077439608,-0.9793220476666669,-0.9388478970000002,-0.14539949033333333,-4.922113614,-2.1633704969999994
-0.6329080460000001,3.8586715839999997,-4.495600329,-0.41114250799999996,-1.3677132619999999,-2.407032351,3.3390120389999995,-6.1505670310000005,-6.1505670310000005,-6.352472969,3.332392173,-1.7417357359999999,-1.7417357359999999,-5.50843995,0.029078635,0.998889123,4.335301994,1.449040066,1.5781274680000001,-6.044649162000001,0.346832242,-6.332613368,-3.605228243,2.60089689,-0.38797297399999997,0.221054773,2.11433668,-4.5617989969999995,-3.79720438,0.141616371,-0.106628635,0.9029010540000001,3.2330941710000003,-0.629598112,-1.331303994,0.936000388,2.485049221,-0.4854076889999999,-4.250665257,-0.358183573,-0.431002108,2.0716891536666666,-1.2970115946666667
-0.505383131,-0.731681472,-5.408513844,-6.045501766,-5.777296325,-4.251877881,-3.96271889,-7.7301671910000005,-7.7301671910000005,-8.480304282999999,-0.20784272,-3.543647889,-3.543647889,-5.676719285,0.814690522,-0.459285321,0.424954491,-0.7065372120000001,-1.129798923,-5.923971176,0.345331001,1.5648276140000001,-1.754214715,-1.263901643,0.848216202,-4.582943972,-1.314190163,-1.209422413,-1.330953003,2.268866896,1.941991515,-4.7715259230000004,-0.9831240729999999,1.921037965,-1.138180343,0.508768691,0.7630880986666666,-0.2391168926666667,2.662793637,-1.733912079666667,1.594162584,5.654960585,-3.229344639
-1.381394381,-4.62044036,-3.169128695,-3.3412519119999997,-2.187243985,-4.0375685589999994,-3.266925977,2.413140159,2.745650917,2.733915244,-2.977446023,1.423431665,1.423431665,4.58815171,-0.30562428,-3.0087411530000003,-2.496283396,-0.192179433,-2.578433112,7.995409013,-2.01903266,2.002391575,0.351573455,-3.278661651,2.127572095,-3.630731866,-1.048883623,-2.504107178,1.290427362,-2.7114374160000003,-3.482079998,-1.893852139,-0.6026996483333334,0.42589938899999996,-2.35545531,-5.461496985,-0.141324846,-0.035703782,0.821000408,-0.356478866,-2.5314904169999997,-0.14761810766666658,-3.6872749819999995
-0.34244682600000004,0.69613663,-4.069529686,-3.87863032,-3.75818191,-1.3969385619999999,1.834714991,-5.735353915,-5.778533534,-5.901254555,-0.081096503,-1.144678685,-1.081045563,-3.5445564289999996,0.425695861,-0.251542366,3.7437086510000004,2.33241691,0.171163373,-3.699094011,-1.75828379,-4.146798477,-0.0015551010000000001,0.298429617,-1.433300346,5.561797851000001,0.037079295,-0.507522841,-2.7536876269999997,-1.5173869709999999,-0.44016912,-0.047007331,3.7596169319999997,-1.967364048,-0.437896509,1.262016893,1.0886106493333334,0.889308607,-1.618808147,-0.5738647816666665,0.24161433,2.0018338743333333,-2.369616284
0.429608977,0.350635776,-3.6524885260000004,-3.7314617269999997,-2.467890518,-2.672131554,-4.54842587,1.0042070909999998,1.13219814,0.933403532,-0.47449800799999997,-0.891149722,-0.891149722,-1.035480054,-0.117756999,0.7019303579999999,2.251439017,0.6692517920000001,-0.41731051799999996,-1.253337158,-0.80400688,0.5358143160000001,-1.60463174,-0.37101588399999996,-1.5447210359999999,-5.553291767,-0.580703347,4.122286905,1.527064143,0.50313575,1.676840902,1.162153492,0.260769721,0.375144701,0.051082257,1.527064143,-0.5540747193333333,-0.47994443600000003,0.061975112,-2.1002566540000003,-0.921105073,2.627242523,1.2347370756666667
-0.075089966,-1.159168275,0.650452028,0.498003515,0.66174451,-2.062566865,-0.39410259299999995,-1.0151891240000002,-0.8937949390000001,-0.913556783,-2.401341337,-1.08859026,-1.08859026,0.819839263,0.356847486,0.111235994,0.650452028,-1.018012245,-2.08515183,2.242692044,-1.255154375,0.12535159699999998,-0.498558055,-1.6673299819999998,-0.09767493,5.819585839,1.158613735,0.26368450600000004,-0.385633231,-3.1099446060000004,-0.611482879,-1.616513811,0.5794810963333333,-0.577605432,-2.0032813330000003,-4.278716533,-0.125906136,-3.451542199,-0.176722307,1.567966221,-0.8599174909999999,-0.2781785500000001,-4.111289180333333
-1.40514937,-1.397097639,-2.049287865,-2.234477682,-1.115287047,-3.406004569,-2.327072591,2.274491781,2.528121314,2.455655733,-2.367331246,-0.748933278,-0.748933278,1.65450848,1.449189335,-1.852020451,-2.80212473,-1.868123913,-1.328657924,2.5482506419999997,-2.898745505,1.565939437,1.2519219209999999,-0.169208633,1.485422125,-2.343176053,0.716481797,2.0450174430000003,0.833231899,-3.6435306389999997,-1.099183585,-1.819813526,-0.4963943446666666,1.4652927969999998,-1.634623709,-3.3820616329999997,-1.371356693,-0.905942037,0.732585259,-1.114601198,-2.0009774780000003,3.55471704,2.391241883
-2.3084116530000003,-2.479849293,-4.512164585,-3.0128645,-3.736019635,-1.931248846,-2.87259734,3.458127135,3.645150015,3.7106080230000003,-3.224823764,1.254374203,1.282427635,-1.6444804309999999,1.298012875,-1.850205598,-5.070116176,1.338534499,-1.6444804309999999,3.230582632,-2.25230479,3.271104255,2.03675325,-0.936910536,-2.592063021,-2.2928264130000002,-0.09219053,-4.066426722,0.185226742,-3.019098596,-1.836664286666667,2.710035617,0.47116782033333315,1.796740554,-3.025332692,-3.5059882393333335,0.437707629,-0.06102005,2.289234137,0.905264828,-2.7648891750000004,1.0408696223333334,-3.6872749819999995
-1.01560163,-1.7016536,-4.565648335,-5.066575171,-3.6726918019999997,2.995442961,-2.11909263,-1.933967495,-1.9956758730000002,-1.933967495,-0.993822202,-1.668984459,-1.668984459,-6.209995123,2.156934997,-1.349552853,-2.8487034560000004,0.091519276,-0.9575231559999999,-5.077464885,-1.66172465,-3.799738463,-0.6598709779999999,0.073369753,-0.547343935,-1.026491343,-0.6163121229999999,3.51451932,-1.502008847,-1.33866314,-1.117238959,-0.496525271,-1.3858518990000002,-2.021085206,-0.92122411,-0.77965783,-1.6290555080000002,-0.8486260179999999,-0.3016860353333334,0.9302875680000001,-0.5430634420000001,2.6251926919999997,-3.8172273116666666
-0.619782104,-2.061033499,-3.475219141,-4.530783543,-2.822257828,-1.705795479,-1.678729725,-6.827989405,-6.973467833,-6.834755844,-1.4013057480000002,1.89394979,1.89394979,-0.22394545300000002,0.912816211,-0.511519088,-0.6062492270000001,-3.387255441,-0.9107389579999999,-0.09538312199999999,-2.240344119,1.731555266,0.787637099,-1.65843041,-3.116597902,-0.261160865,0.38165079,1.785686774,1.163174434,-1.939237607,-0.890439643,-0.555500938,-0.482656124,0.7301223720000001,-1.117115332,-2.162530076,-0.8149046393333333,0.6353922329999999,-1.5535506140000002,-0.47715708566666676,-1.8715732219999999,-2.0107336183333335,-2.6750880276666664
1.3595730519999998,-1.177327273,-6.194612819,-3.6482933089999996,-2.263673205,-1.770735889,-1.9591195769999998,-2.69067623,-2.618462483,-2.8319639960000003,2.304631218,-2.988950402,-3.4222328839999996,-2.191459458,0.998504318,0.301484674,0.109961258,-0.637294036,2.358006596,-6.587078835,-1.984237402,-4.003082587,-1.058017605,0.45219162399999996,-2.452056893,5.039334416,0.6405753120000001,1.94984194,-4.527417184,1.7018034180000001,0.590339662,1.610751302,2.244976384,-1.8680674609999999,3.5856402939999996,-0.88219283,0.19384567966666663,1.6170307590000002,-0.618455667,-0.6795589029999999,0.618597215,2.332818365666667,-1.2970115946666667
-0.488477245,2.120019554,-5.818289185,-7.698594872999999,-5.3875282460000005,4.5678356860000005,-2.249127116,-6.635367475,-6.638786212,-6.741348341,0.253388817,-0.08506620699999999,-0.08506620699999999,-7.537914205,0.20552649,1.405503393,-2.73116912,-1.927765781,0.585006366,0.290994931,0.386719584,-2.772193971,-0.93975061,0.051683297999999996,2.290956435,-1.602985707,0.9166239140000001,1.320034953,0.448256861,1.4772968830000002,1.193541661,1.275591364,-1.0736521536666668,-0.28335298800000003,0.561075202,1.996945,-1.0043781716666667,0.17817659,-0.300446676,-2.8747561000000004,0.896111488,1.029442255,-3.600576358
-1.7602047859999999,-1.637229134,-6.656172954,-5.991335833,-4.492570067,-0.32676983600000004,-2.259793375,5.072629909,5.137960725,5.11490279,-2.9438454419999998,3.585393111,3.585393111,-2.352025114,-0.11156244400000001,-0.991606958,-5.261167895,3.27795398,-2.644092289,-5.088233384,-2.083015874,-0.6380519570000001,2.048197454,-2.309752234,-0.6726388590000001,-5.557078059,-0.123091412,-3.416533107,1.93290778,-2.4250419080000003,-3.189796748,0.12174937566666655,1.327299845,1.314186528,-2.467314789,-1.379748861,1.402575278,3.988906971,3.174193273,0.979434515,-3.0217957746666664,-0.11468777599999998,-0.13805499433333335
-1.108806815,-1.507899053,-4.121398918,-3.9163098510000003,-4.528805578,-1.49127021,-2.3864562719999998,2.025730139,2.017415717,2.050673404,-1.992906981,0.29910191399999997,0.301873388,3.829959632,-0.31893676,-1.610443586,-1.125435658,-1.8183041269999998,-1.5605570569999998,-3.481188453,-0.524025827,3.9602189039999995,3.0484039989999996,-0.055646742,-2.275597317,-2.588773865,1.141629972,-3.389729815,1.6072375840000002,-1.635386851,-2.6469748159999997,-0.30507939100000003,-0.2814000713333333,1.1583440900000002,-0.518482879,-1.064463233,0.21318622399999998,-0.360508868,-1.643701273,0.069069582,-2.2561970000000002,-0.39653802899999996,-1.0281362226666664
-1.651942702,-3.573312395,-5.760190827000001,-5.337660791,-4.632492419,-4.404097805,-4.855177168,2.073744444,2.096583905,2.433465961,-2.916677879,0.397898961,0.517806134,3.8323829739999997,-0.766913572,-0.761203706,-1.175168945,-2.0944572669999997,-1.42640302,-3.85595073,-0.558503486,3.96656481,3.364174015,-1.45780728,-2.688283265,-1.7433005480000001,-2.751091783,-3.6389758469999998,2.316413722,-1.389288896,-1.3864339630000002,-0.153103046,-0.975323657,0.560630124,-0.22162143,-0.726944514,0.106695828,0.103840895,-2.89669335,0.01616772533333329,-0.512824563,-1.743535599333333,-0.650799813
0.49037327399999997,-0.625897588,-3.056548818,-3.11369579,-2.6298514230000003,9.668177052999999,0.40274791600000004,-3.026070432,-2.938445075,-3.094646799,2.631479843,0.42179690700000005,0.41798710899999997,-2.580324047,0.23130699899999999,-0.218249185,-2.03552291,0.35322054,0.078915072,-7.159701441,-0.161102212,-3.3956208539999997,-1.227845699,-0.317303937,1.736177274,-2.6412808180000003,1.233283916,-3.307995497,-0.770669919,-2.229822616,1.031364613,-1.433574799,-0.16864470000000006,-0.9117637473333332,-0.1877708,-0.465886066,0.840874705,-1.6774018819999998,-3.544202983,1.347577861,-1.989805332,0.151301237,-4.654194014000001
0.327403332,-0.471535397,-2.391920234,-2.018104865,-1.18251757,9.438236737,0.23211706199999999,-2.30029882,-2.135380275,-2.553173923,1.8116702390000001,0.444678742,0.444678742,-6.595510707000001,0.528970443,-0.49352453700000004,-1.8018783280000001,-1.1495338609999999,0.09285251300000001,-5.0306169569999994,-0.376249127,-6.185046773,-1.475706095,-0.797707631,1.272936325,-2.8426975910000003,-1.384084681,0.8170585249999999,-0.541167672,-2.4322336559999997,0.221122492,-0.648376374,-0.16864470000000006,-0.504519106,0.316408763,-0.31028170899999996,1.401206304,-0.464205684,-2.080452578333333,0.09045061166666668,-1.2045067090000001,1.5235416076666668,-4.654194014000001
0.9838173590000001,0.473763958,-0.332011894,-0.348290194,0.666390508,-2.304399248,-2.339668898,1.54270566,1.51286211,1.57797531,0.42764210799999997,1.29310506,1.29310506,-1.542032197,-0.10954179300000001,-0.332011894,-1.523040846,-3.6717764510000004,0.052792600999999995,3.938328815,0.468337858,-0.437820844,0.15362405699999998,0.6223290490000001,-5.009310104,-2.1253379480000003,0.4034362286666666,1.64308851,0.35167670799999995,-0.074272143,2.142289711,0.731503708,0.174229386,1.43418366,0.658251358,-1.1089907616666665,-0.30049573933333334,0.9566868590000001,-1.3819622459999998,-0.31721657466666686,-0.5788994439999999,1.865558611,-0.705811939333333
2.386411297,0.192220662,0.192220662,2.260817894,1.0664492540000001,-2.036446595,-1.260722632,-2.918063034,-2.9599275019999998,-2.9648527330000003,1.132939879,-3.422899263,-3.422899263,-2.36397449,-0.10083061300000001,1.6353134930000002,0.43848223700000005,0.7610849009999999,1.630388261,-4.804426701000001,-0.551489296,-2.861422872,-0.696783625,0.354753301,-1.588250528,2.8641587530000003,1.583598562,-3.287455397,-3.9449738030000003,0.69213166,1.610687335,-1.329675874,1.359500529,-1.615339301,1.494944395,1.4703182369999999,2.329771135,-0.42589589200000005,-2.3393483319999997,0.4838914650000001,1.554047173,1.5193940173333333,0.569000872
-2.1938406219999997,-3.428153376,-3.7740452419999997,-3.86170277,-3.245730954,-1.5375937259999999,-3.394985663,2.442531853,2.556249727,2.447270098,-2.1180287069999997,0.22266419399999998,0.22266419399999998,4.527359538,-0.464381293,-1.6702645790000001,-1.990096099,2.00898246,-1.459412688,3.672106363,-2.989865738,2.996906488,-0.22983817899999998,-1.933237162,-4.245500594,-5.266592335,-1.298312367,-1.002172071,1.90947932,-2.7505843789999997,-0.9287292770000001,-2.174887643,6.427395678,1.28876926,-2.217531846,-3.9920044999999997,-0.025586733999999983,2.77894723,2.6012630519999997,1.963969135,-3.76219963,-0.035570144,-1.133790270333333
-1.349875399,0.45518103600000004,-7.4497212820000005,-5.494548592,-5.1393955,-4.7732582919999995,-5.293173127,-3.3453231810000004,-3.4148892510000004,-3.4881166919999997,-0.749410378,-1.2400342359999998,-1.280309329,-3.121979485,1.227730545,-0.13796124099999998,-3.048752043,-1.723335351,-0.247802403,-2.173684116,-0.6981511690000001,-1.31692305,-0.793346843,-0.16725221699999998,-1.902742582,-2.451948394,-0.438193751,2.201655518,-0.19654319399999998,-2.071165698,-0.9105107490000001,-0.37961179799999994,-0.258786519,1.1069052659999998,-4.008031528,-1.236372864,-0.657876076,-1.221727376,-0.29540024,-0.3172165746666668,-1.086256609,1.3644694673333333,-3.633419712333333
-0.04073198,0.620402885,-5.539917326,-4.74991719,-4.077576649,-2.057753605,-2.971016174,-3.4220446210000004,-3.21473962,-3.21473962,-0.012717791,-1.197717996,-1.197717996,0.104941804,-0.634632792,0.471927682,-1.329384685,1.006998697,2.242424442,-4.727505839,0.8277078859999999,3.57309843,-0.69346259,0.27862977699999997,-2.119384821,-4.738711513999999,2.567389037,-1.755200361,0.16657302,0.413097885,-0.671051238,0.575580183,-0.7209018373333334,-1.127682523,-0.32647671100000003,-0.6654484,-0.00928338766666669,-0.007114953,-0.079951845,-0.9388478970000002,-0.74388813,-0.8948945213333332,-1.356935777333333
-1.388531694,-2.6533050780000003,-4.445747356,-3.1184152889999996,-2.857300785,1.6632440819999998,-0.0149606,-3.428488764,-3.6896032689999996,-3.733122353,-5.724120452999999,-1.45381032,-1.432050778,-2.005958701,-0.327754018,-1.067578449,3.5291248160000004,-2.1229162390000003,-3.480167677,-1.233494957,-1.535408603,-3.629764528,-0.04759991400000001,-7.02153315,1.067576618,2.250751718,-4.002396686,0.099276995,-0.888062226,-1.940680074,0.018033712000000073,-3.852799835,0.39274041100000007,-4.856458713,-2.8518608989999996,-3.4483128463333337,-2.5118680540000002,-7.440404335,-1.714924825,-4.540945353,0.23112802000000002,0.8879671619999999,-6.772140567
0.585788954,3.3442910880000003,-4.561612086,-4.94323493,-3.2364492960000004,-4.777965195,4.263791799,-5.63736782,-5.670421767000001,-5.703475714,-0.147407691,-2.229806361,-2.229806361,-6.012980856,1.054554023,1.27691694,-0.589128621,1.643515262,0.73002436,-6.0400249939999995,-1.223163425,-4.1499401989999996,-1.382423353,0.249239674,-2.512267364,1.4602161009999999,5.012012966,5.54087612,-2.461183991,2.100260714,-0.934692614,3.3743401310000003,2.628945993,1.309970887,1.036524597,1.928981169,2.162123525333333,0.9983611086666668,0.006675547999999994,0.28830343,0.7029802209999999,1.659378673666667,-1.1066881863333333
-2.509488288,-3.610008016,-2.575684963,-1.950953839,-0.089172343,-3.862382841,-3.1755923339999996,-1.028337675,-0.982827461,-1.007651214,-2.5219001640000003,-0.515313441,-0.515313441,-3.9906388999999995,1.454037653,-0.974552876,0.667952132,-1.363458345,-3.2128279639999997,-1.0159257990000001,-0.9124934929999999,-0.9373172470000001,-0.486352395,-1.760638397,0.5810689960000001,-1.119358104,0.932738834,1.305095133,-0.180192772,-2.207465956,-2.9232175089999997,-2.070935313,0.01741864566666666,0.6224419179999999,-2.75772582,-3.854108257,-1.102808935,-0.039524836,-3.01837523,1.933963549,-2.604646008,-0.2781785500000001,-4.111289180333333
-0.5655451579999999,-0.781100888,-2.215783292,-2.689299159,-0.72102798,-3.6858027,-2.9861300010000003,4.632528279,4.575989071,4.632528279,-0.30051762,0.893873149,0.893873149,2.568847187,-0.8341063959999999,-0.646820269,1.275512803,-0.212175108,-1.5514475980000002,-2.661029555,-1.91895245,0.466295388,-1.293487461,-0.236911011,2.565313486,-2.901321189,0.508699794,1.282580204,0.791395835,-1.996693861,-0.8376400959999999,0.024582826000000002,-1.4701724859999998,-0.30405132100000004,-0.894179305,-0.996656619,-2.145109282,1.46633263,-3.141612823,-0.908314107,-3.035601808,2.2629120179999997,0.172998247
1.8827130930000002,0.9991903679999999,-3.354167056,-4.738352657,-4.157369533,-1.038266581,-1.9512400630000002,3.475731338,1.173217572,2.193284717,0.436948635,0.461044709,0.461044709,-0.37696320899999997,0.988481002,-0.524216996,-2.5456098959999998,0.238825357,0.471754075,3.968362191,0.217406624,1.5185946369999999,-0.32609371800000003,-1.8307596919999998,-0.315384352,-2.23236093,0.9322568290000001,-0.90172216,1.395436923,-1.7370527359999999,-1.935176014,-0.7009215409999999,0.17422938600000004,-3.102496946,0.825163165,-1.1089907616666665,-2.062116019,0.26189526366666666,-1.235250136,-0.022405979000000187,0.5953402606666667,0.4718996526666666,-5.648648797999999
-2.3068774359999997,-1.650975857,-5.469260048,-7.948411849,-6.304753725,-2.529415471,-3.849026981,3.584524245,3.803158105,3.611853478,-3.8607395089999996,-3.439088494,-3.439088494,1.624627861,1.972099531,-0.19081400899999998,-3.6382014739999997,-2.330302492,-1.670496737,-1.323025067,-1.5767965119999998,-0.534381502,-2.455236126,0.20350777399999997,-4.063756665,-4.809454293,-2.34201502,-0.069784551,-0.428968749,-1.8578971880000001,-2.908120549,-0.835003059,1.9042805806666667,-0.34698105100000004,0.691529782,-1.9278040823333331,-0.08111035966666669,-0.36966390366666674,-0.8283842023333334,0.9735954726666666,-2.177073731,-0.11468777599999998,-0.143963896
-0.671765924,0.418014316,1.1197923029999999,1.727100176,1.43694197,-1.5321187440000001,-0.169049962,-4.787963732,-4.922921037,-4.933042835,0.13797790699999998,-3.205589329,-3.205589329,-4.980277892,0.418014316,-0.05096232,1.281741069,0.212204425,-0.644774463,-3.63070484,-2.230522799,-3.701557425,-0.283763671,-0.810097162,2.246685801,6.352761811000001,1.028696122,0.9249767133333333,-2.756856289,-2.318245047,-0.992289524,-0.08086081166666663,1.3355135343333335,-2.0112171780000003,-0.681887722,-1.663702117,-1.548988408,-2.291253586,-0.31303401033333333,1.1259413963333333,0.573215216,-0.147433905,-3.060351325333333
-1.358786751,-3.27831773,-2.701463861,-0.430516157,0.23584951899999998,-3.62310395,-3.99772744,-1.521234105,-1.524549357,-1.5079730969999998,-2.432928439,0.212642754,0.14302246,0.527591706,1.495645326,-1.985369402,-2.280426841,-0.281329812,-1.305742717,-6.132749807000001,-3.437449832,-0.874759941,3.12674937,-0.702366831,-1.143295363,-0.609539772,-1.033892043,1.992933144,0.8359101529999999,-1.6107459119999998,0.35851384799999997,-1.531179862,-0.271384055,-0.583017755,-1.647213686,-1.478135828,-1.0536422836666668,1.93988911,0.288893553,-0.025325830000000035,-1.756617006,3.116587157333333,-0.5602037596666666
0.03647859,1.408256397,-3.8864713560000004,-5.726661096,-4.550054929,-2.860426167,-0.841793786,-7.642131326,-7.472053183,-7.642131326,1.299517912,-4.471986273,-4.471986273,-9.552025223,0.477008861,1.9129144919999999,1.664767694,2.311622269,1.684284858,-5.757330925,-0.46539133899999996,-5.838187747,-1.812075649,-0.097353391,-2.01282362,-2.185689929,0.22328573100000002,4.190846337,-5.927409067999999,1.246542753,0.50767869,2.021652977,1.882244663,-2.6931361910000002,0.7948598159999999,1.71216652,3.0560626639999997,0.9983611086666668,-0.09081093866666667,-1.54162352,1.801387841,1.5895233943333336,-4.039890377333333
0.944990311,-0.918145159,-1.125656056,-0.24429257,-0.47411646700000004,-2.77904933,-2.540300233,1.8129659969999998,1.8129659969999998,3.2276101739999996,1.7683399969999998,-1.460351051,-1.460351051,-3.2654727219999997,-2.073958541,-0.28222467,-0.188510071,0.02522205266666668,-0.585681465,1.380093803,1.5942986000000001,0.875820012,0.27783162100000003,0.17742312300000002,1.317617405,-0.012237373999999999,0.10350816366666667,-2.9106960269999997,1.016391909,0.9382964109999999,1.4501359036666666,-0.10372067300000001,-0.6927838629999999,0.3189142619999999,1.0654805090000001,-2.6384774319999997,-0.11781356966666667,-0.11143096100000001,0.47864861799999997,-0.43921568400000016,1.853129396,1.225931866,-0.705811939333333
1.189353877,-1.6800750169999998,-4.04741251,-2.822684887,-2.7827991219999997,0.9922712709999999,-1.098212085,0.689608698,1.123659675,1.123659675,-0.40607674200000005,-0.335690097,-0.316920325,3.115601728,-0.826050391,1.158852998,0.684916255,-2.043739349,3.2845296760000005,4.581990166000001,0.694301141,0.820997102,-0.9949783390000001,2.188844236,0.593413616,-1.09117342,3.6176931289999996,-1.5651101630000002,0.36113768799999996,3.58719225,1.895566549,1.14712189,0.174229386,-0.659468664,2.925557787,2.212306451,-5.807078634,-3.385778047,1.947183422,-1.6357723933333332,2.378888177,-1.0366255423333333,-2.492668448
-0.7068634429999999,0.365853796,-2.224594384,-2.931931952,-2.67429244,-5.887759803,-3.212993237,-7.775554769,-7.709973803,-7.869241865,-1.44230714,1.7945819969999999,1.808635061,-6.112608831,0.468909601,-1.62968133,-3.1802027539999997,-0.992609083,-1.5968908469999998,-2.1590134169999997,-1.564100363,-3.358208235,-0.041685068,-0.397696029,0.8623953999999999,-0.022947649,-1.367357463,1.2938562353333334,-0.069791196,-1.4750976230000001,-1.3767261730000002,-2.3604406719999997,-0.7818131190000001,-0.032316357999999996,1.24651249,0.131636058,1.3960031476666668,-0.749022636,-1.3718431966666669,-0.47715708566666687,-0.6928103790000001,1.4155684116666667,4.014966151
1.078860307,-0.95657335,-1.295088969,-2.024199533,-0.49219936,-2.566692512,-0.7786356529999999,-4.697604934,-4.741004372,-4.810443473,1.0701804190000002,0.644865924,0.644865924,3.995302562,0.302010361,0.150112327,0.853183228,-0.014805539,1.62569323,4.303438573999999,1.235098285,-2.8314290860000004,4.017002281,0.5016477770000001,-1.4252872840000002,5.779019477,1.690792387,1.278472194,-0.249162506,-0.053865033,1.222078453,0.245591091,-0.665797114,-0.7959954290000001,0.614486317,-1.0086526759999999,-2.3453553769999997,3.101274133,1.183018959,-0.15168143166666667,1.434735701,0.824397142,-1.4359861373333336
-0.5168581560000001,-2.851793087,4.855834931,5.7382685339999995,5.51961242,-2.258297921,1.025448363,-0.278679174,-0.34115235,-0.278679174,-2.5316180630000003,1.087921538,1.1191581259999999,0.28748397800000003,1.189440448,-0.17325569100000002,-0.551999317,-2.32467567,-1.594520432,2.5209,-2.0357372330000003,0.228915376,-0.212301425,-0.790178298,-1.85222228,7.624177518,-1.453955787,-3.2969144619999997,-0.056118487,-0.587140478,-0.8526514740000001,-1.368055171,2.7687677413333334,-0.8721743409999999,0.7404145000000001,0.045400422999999995,2.3334804730000003,1.490092605,0.998116349,-0.5828994323333333,-2.9572165710000005,1.6998592083333335,0.09262626066666668
-0.649156914,-3.4651977560000002,-3.507123922,-6.3895478610000005,-3.88445942,-1.606471046,-1.0928755079999999,3.505027405,3.5399658769999998,3.742609015,-2.797872941,0.6889865629999999,0.7064557990000001,5.688681904,-0.240376792,-1.623940282,-1.4771987,-1.078900119,-1.662372601,-3.1961715219999998,-3.7796440039999997,3.417681225,0.640072702,-3.678322435,-0.8832446759999999,-2.846786802,-1.32696327,-2.6769592443333328,2.306637816,-2.983046842,-1.686829532,-2.0397080990000003,1.327299845,1.904845388,-4.104571793,-2.385598971,-0.373142985,1.7650915,1.0802974490000001,-0.015323968000000132,-2.1770737309999997,0.088044845,0.7070135986666667
-0.179342115,-1.46396875,2.182497478,2.319658135,2.399947299,-5.187378761000001,-1.922286065,-7.70310592,-8.218294727,-8.18818629,-1.233137402,-4.10682042,-4.10682042,-6.719563653,0.516497312,0.18195912600000003,1.3528427769999998,1.52011187,0.014690033,-4.233944931,-1.156193619,-5.214141816000001,-1.159539001,-1.109358273,-0.132506769,7.418020091,-2.036029048,2.282858934,-5.548680002,-0.48042648299999996,-0.590824084,1.219027502,0.760710188,-2.624816256,-0.717948595,0.539914985,0.001308505,-0.641004812,-0.627623285,-0.715305768,-0.88856307,-3.581595468,-3.060351325333333
-0.375481849,-1.9519259469999999,-5.195183552,-4.221202166,-3.096605102,3.322969805,-1.657388621,-6.359944797000001,-5.211918627,-6.359944797000001,-0.8507579890000001,0.551641326,0.551641326,-0.65997813,0.5583353560000001,0.079712201,1.006835376,-2.276586409,1.281290612,8.403738684,0.370902512,-1.82808639,-0.42234006,-3.019623755,1.2411264309999999,-2.6815752330000002,-0.151231839,0.541600281,-0.539485587,0.52151819,0.953283135,-0.141190794,0.3538143930000001,-1.801310269,0.9967943309999999,-1.941884902,-1.2431447946666665,-0.06144238466666669,-1.3193400990000002,-2.884451783333333,1.274596581,-2.440590148,-3.9627176633333328
0.179349249,-0.692468346,1.60770449,-0.07287471,2.523387121,0.039529446,1.4459521690000001,-4.116682733999999,-4.711602288,-4.68966977,2.646757535,-1.775386427,-1.772644862,-4.821264878,0.472696678,0.135484212,1.6323785730000002,2.2821294219999997,1.7584905519999998,-3.3024379999999995,0.741370025,-3.9823460610000003,-2.192104271,0.955212077,0.26982088600000004,-3.691740196,1.149863175,3.321182467,-1.27642164,1.876377837,2.260196904,0.11355169400000001,1.956211146,-2.3264409440000002,1.5446485,0.557685186,-0.226402336,0.894897652,-1.39705049,-0.58554732,-0.29768302,1.794130894,-5.015915977
0.20307655100000002,-0.45141456700000004,0.534572053,-0.502413875,-0.349415951,-1.016656896,-3.0226296739999996,-2.9843801930000002,-2.83138227,-2.899381347,-0.940157934,1.490809076,1.490809076,-0.527913529,-1.4204014169999999,-0.553413183,-1.994143631,-1.3779019940000001,0.147827301,0.538821995,1.563058096,-1.6201487069999998,-1.284403263,0.449573206,2.1622999640000002,1.707556135,1.945552905,-3.184127483,0.31357505199999997,3.0887873910000003,-0.162418489,0.424073552,5.345506766000001,-0.38766543200000003,0.135077474,0.186076782,1.2031894103333334,-6.3715842270000005,-2.7251337110000002,-1.237653897,1.452559595,3.3310341039999996,0.152077244
0.126062775,0.437189878,-4.98374234,-4.18945315,-4.200434106,-4.562805672,-3.113319408,-1.528401345,-1.345385403,-1.345385403,0.891069415,-0.909807459,-0.909807459,-4.998383616,-0.045972211,1.096047271,-0.477889835,-1.403950504,1.165593329,-2.330011173,2.541873217,-2.545969986,-2.922982827,1.7109808380000002,-2.622836682,-1.4808172,0.8032217629999999,-0.763394705,-0.961051923,0.466472428,1.213177474,1.6267935040000001,-0.17408337,-1.078182127,1.381552141,-0.064273805,-0.119178588,3.522838669,-0.9683725609999999,-0.7853566190000001,-0.408343777,-0.38737190466666654,1.139971097
0.185080345,2.6958599889999997,0.78129793,-4.25877743,-2.818226868,-2.018332468,0.6516854120000001,-8.173075487,-8.350829798,-8.598945191,1.318264078,-4.418015667,-4.418015667,-5.6548894139999994,1.192354775,1.033116538,3.3328129360000003,4.847427795,-0.022299684,-6.284435932999999,0.477634316,-4.4365317410000005,-1.88131352,0.385053945,-2.833039727,4.902976017,0.529479323,3.2809679289999996,-4.992013963,-1.855391016,0.17026748600000002,1.384921945,2.1341905943333335,-2.270151075,-1.185109135,1.892262374,1.3342099533333334,0.48874396,-1.29620558,-1.651714202,0.351725012,2.86620787,-4.039890377333333
-2.153013301,-2.012368394,-5.109681785,-4.803388432,-3.937640895,5.63558909,-2.1811422819999997,-8.83208365,-8.882090728,-8.882090728,-3.518831617,-0.818449408,-0.818449408,-5.087803688,-1.0216031620000001,-0.827825735,2.491394064,-2.293658208,-1.899852469,-3.7188599289999997,0.7223936809999999,-2.874990489,-0.155855625,-5.434727791,1.11619942,-0.380887476,-3.1062732239999997,2.39450535,-0.130852086,1.72253524,2.71017503,-3.4156920189999997,-1.316865427,-2.574948021,0.025420032000000002,-5.097180015,-0.8053659593333333,-4.403331809,-0.9715960840000001,-2.6354600529999996,0.7692753170000001,1.4146042306666669,-5.2736658903333336
0.10615642199999999,1.8838453469999998,-2.639093819,-1.976560308,-1.579696176,-2.960520968,-2.422622474,1.15243459,1.149154721,1.158994328,0.506300423,-1.5665767,-1.5665767,-2.186471916,0.211112225,0.555498456,-0.38910377700000004,-0.195591514,0.43414330799999995,-1.245149551,0.040559044,-1.953601226,-1.68137211,1.427943575,1.286909214,-0.7498893520000001,0.624375703,0.80476849,1.113076164,0.847406786,0.653894522,-0.152953219,-0.385823908,-2.350465359,1.923203774,-0.08079610400000001,-0.5924556470000001,-0.835165943,-2.5406977530000003,-1.2646424600000001,-0.00535912,1.132755377,-1.4452264846666665
0.7641092740000001,1.7436964590000001,0.65886437,2.4966023109999997,1.172945248,0.19740594399999997,1.245807104,-5.372478214,-5.522249808,-5.461531593999999,2.419692574,-1.223400262,-1.2638790709999999,-1.514847689,2.290160384,2.456123502,2.585655692,1.921803219,1.326764723,-6.947103895,0.35527329999999996,-2.251562018,-1.356980333,0.6305292029999999,0.739821988,-0.102137245,0.48480549,1.5372545309999999,-0.595978718,-0.235717316,1.322716842,5.492034198,1.7452806446666667,-2.1810962836666667,-0.053562674000000005,2.298256146,0.901737225,-1.9196357819999998,-2.312280232,2.395405288,0.8653062970000001,0.10835256300000001,-0.9641158366666666
0.922474318,1.5452471630000002,0.478179057,1.5110706040000002,1.1731024140000001,-3.383772057,1.359174788,-7.143193495,-7.4166059639999995,-7.443187731,2.038908564,-0.9420468190000001,-0.9420468190000001,-7.017879447,2.0351111680000002,1.750306514,2.164222612,2.0237189819999997,1.4161357190000001,-8.867211003,0.6908331990000001,-6.163465484,-1.838232132,0.907284737,-1.7888659919999998,-0.6344577929999999,0.516153011,-0.285097417,-2.309109161,-0.99900775,1.6515742340000001,4.6818957569999995,2.736365311666667,-2.601508606,-0.080038065,1.61360028,0.9452586909999999,-0.9390950586666665,-2.6533319929999997,0.48389146500000013,1.260442508,1.4864602526666666,-2.1791114923333335
2.2417275169999997,1.0231841990000001,3.7534276319999997,3.566231123,0.47572270899999997,-4.140613859,0.966672045,-6.726044897,-6.842601215,-6.881453321,3.156518007,-5.41566933,-5.41566933,-6.408164032,0.843051709,1.941506699,2.234663498,4.459829555,1.334001046,-8.523837792,1.5494536319999999,-7.503087012999999,-2.279244791,0.881903815,1.93444268,5.2474677000000005,-0.057610743,-5.401541292,-4.5821150610000005,1.733118132,2.0368709590000003,1.330469036,1.9446404176666665,-2.593593647,1.118548459,2.11810718,0.5357668720000001,-1.187089558,-2.619981011,-1.6331687216666666,1.9626987569999998,0.061541431333333195,-1.7203495119999996
-0.265890766,0.22362563300000002,-3.7541230110000003,-4.2710249430000005,-2.165762107,3.886440649,-2.617623398,-4.8906226230000005,-5.048089437,-5.280866466,-2.097298274,0.11408350199999999,0.11408350199999999,-4.401106223999999,1.3190469459999998,-0.8786420640000001,1.548400784,2.746517845,-3.268029803,-4.6715383610000005,1.2711222640000002,-2.590237865,-1.5393180430000002,-2.34376807,-0.5534388610000001,0.162008184,-1.207268458,3.431156166,-0.8786420640000001,0.586483943,0.654947775,0.007964562,-1.1249469806666668,-7.050656525,0.504327344,-0.718573553,-0.3302755613333334,-2.475518399,-1.328875057,-1.2280153993333331,0.08715134166666672,1.2686453946666667,-10.50123366
-0.409316137,0.7390255609999999,0.943825354,1.415596307,1.8069101969999999,-0.504401755,-2.625542471,-5.284282645,-4.907597311,-5.309882619,1.272967879,0.329425974,0.329425974,-3.207027599,0.52325435,-1.6344577580000001,-1.4406293819999998,1.232739348,0.014912006,-1.510115026,-0.668973018,-3.6934271080000003,0.21971179899999999,0.56714002,0.7353684220000001,-3.748284195,-0.690915853,-0.105773586,0.618339969,-0.17891637,-0.610458791,-0.153316395,2.461538108,-0.24840201399999998,-0.295944823,-2.307371364,4.641193051,-1.79902902,-1.4337553503333336,0.19073469033333343,-2.076971597,-0.851829976,1.554567595
-0.41569569100000003,-1.2326270240000001,-2.823112805,1.7242306330000001,0.668726433,-3.13036574,-0.462687316,-6.427008995,-6.195665609,-6.427008995,-1.5290357369999998,-5.530553372999999,-5.530553372999999,-6.394476332000001,0.8133160490000001,-1.7784528259999999,1.4965019869999998,2.721898987,0.065064784,-5.244988881,-0.592817971,-3.065300412,-1.6194042480000002,-3.8677727839999996,0.6217348070000001,0.39762090200000005,-0.08675431300000001,7.75723238,-3.990673958,-0.7265633659999999,-1.46758515,-1.456740929,2.04955727,-2.3206638880000003,-1.2326270240000001,-1.4386672269999998,-0.5913607463333334,-1.1812440786666667,-0.910915127,-1.2596283473333332,-0.075910092,-0.101213275,-7.659635476
-2.7426642489999997,-3.3071721060000003,-5.903908247,-5.218972047,-4.650700805,-3.894260277,-3.2845917910000004,2.8610170760000004,3.098110376,2.981445419,-2.061491435,-0.7104359640000001,-0.7104359640000001,4.415295376,0.226647078,-2.622235906,-4.184040976,-1.21472965,-2.012567421,6.989451203,-1.579778064,1.735764749,3.327676905,-1.820634749,-0.243776136,-0.8797883209999999,-4.522745691,1.223944292,1.235234449,-1.4631131069999999,-3.860389805,-0.620114707,-6.615188146,-0.202378893,-2.7727713339999998,-6.268956661,1.3406092490000001,1.826086006,1.6293780690000002,0.4788445543333333,0.395999435,-3.962001219,-7.804418031
-0.781776657,-1.588474221,-3.732945245,0.701650529,0.213150338,-2.531862205,-0.27759068,-4.456732226000001,-4.665129096,-4.665129096,0.154888847,-2.8298921389999996,-2.8298921389999996,-4.411915694,0.75991202,-0.154345219,1.3089145290000002,-0.060230503,-1.725164642,-3.2310000939999997,-1.5772700880000001,-3.506621762,0.6052949870000001,0.181778766,-1.734127948,1.860157864,-1.122382295,-0.241737455,-2.668552626,-0.602510532,-1.043953366,-1.617604967,1.8310271180000002,-2.155403342,-0.183475964,-0.732478473,1.8073252593333333,-0.611473838,0.6904463959999999,0.33007755200000005,0.13329656,3.240507028,-2.090419372
0.229658423,-0.441373071,-1.183981258,-2.95103086,-1.649229761,-4.682292115,-5.152014161,-4.15888755,-4.673345029,-4.364670541000001,1.209364405,-0.530843937,-0.530843937,-5.849886915,-0.150592757,-0.047701260999999995,-2.57077968,-0.750047558,-1.613441414,0.677012753,1.169102515,-3.514697315,-0.54873811,0.623330233,1.303308814,-2.101057634,-0.387690552,0.082031495,-0.8305713379999999,2.94062566,-0.47716141700000003,-1.273452124,-0.253484253,2.202491017,0.140187557,-2.6557770019999998,1.5184681873333334,0.511491651,-2.266578736,0.18768653666666665,-0.48432635333333335,1.858028183,-4.315461565
